county_name,population,pop_change_2010,perc_under_18,perc_csec,perc_lowbirth,perc_prenat_1tri,perc_preterm,perc_non_smoke,fert_15_44,birth_rate_15_19,birth_rate_20_24,birth_rate_25_29,birth_rate_30_34,birth_date_35_39,birth_rate_40_44,all_cause_death,chlam_per_100000,gono_per_100000,perc_smoker,hiv_tested,perc_no_healthins,perc_obese,perc_routine_checkup,beds_per_1000,inpatient_occupancy_rate,admission_per_1000,goals_met,population_White,population_Black,population_Native,population_Asian,population_NativeHawaiian_PacificIslander,population_OtherRace,population_Multiracial,perc_poverty,perc_below_poverty,perc_unemployed,per_capita_income,perc_educated,perc_foodstamp,perc_disability,perc_vacant_housing,perc_rented,perc_pre200_houses,perc_ownHouse_occupied,perc_age_under5,perc_age_5_17,perc_age_18_24,perc_age_25_39,perc_age_40_64,perc_age_over65,adi_staterank_mean
Adams,103009.0,1.6,19.9,29.5,7.8,75.6,9.6,87.7,55.7,14.3,59.8,122.0,98.1,42.0,8.0,710.8,195.0,34.1,17.0,39.0,14.0,32.0,83.0,0.7,62.5,46.5,2,0.9280014031395248,0.0159119919709238,0.0015005797694563,0.0070546737213403,0.0,0.0224210003215528,0.0251103510772019,0.9593771619554308,0.0762177594590117,0.8222689935397117,32981.970588235294,0.7047950344451265,0.0284622954972862,0.105576505208181,1.6019901838701234e-06,0.221510043403654,1.9097249223318845e-05,0.7254556143445032,0.0496165726368304,0.1517242051312032,0.0938641877868396,0.1621892874194898,0.3391115398481877,0.1716312471376924,3.627906976744186
Allegheny,1216045.0,-0.6,18.8,29.7,8.5,86.9,9.6,90.8,55.1,10.8,46.1,75.7,105.7,58.0,10.7,783.2,469.8,157.7,18.0,45.0,6.0,30.0,89.0,3.8,72.7,170.0,1,0.7903371690277253,0.1299569920714391,0.0011794349874423,0.0392324233818677,0.0004210509036589,0.008208440716361,0.0306644889115054,0.9738907401631676,0.1100444853001526,0.8335724486613372,38642.74403056352,0.725132553062263,0.0536367964017794,0.1108857663454751,1.5629708658810194e-07,0.357161051503129,1.5284411715520143e-06,0.5823118907864333,0.0525295884699354,0.13484709204025,0.0874907664275512,0.2157019977346967,0.320043828690556,0.1631756923127429,5.867154811715481
Armstrong,64735.0,-6.1,19.0,33.7,8.0,75.0,9.0,79.6,57.8,19.8,89.6,120.1,88.7,32.1,4.7,824.3,179.9,36.3,21.0,37.0,8.0,39.0,89.0,2.2,31.3,59.7,0,0.9733000795642328,0.0086602607258706,0.0002448130240528,0.0030754636146643,0.0,0.0013311708182875,0.0133882122528918,0.98925882856968,0.1107472917559214,0.8330375175959361,28581.848484848484,0.7400697717118551,0.0646306383499602,0.1419915539506701,4.463268543339919e-06,0.2222222222222222,2.778956822749653e-05,0.6637343236332643,0.0474325234102454,0.1440724646551195,0.0684252402227796,0.1577054899320643,0.3605636819878814,0.192423036905563,7.484848484848484
Beaver,163929.0,-3.9,19.1,33.7,7.4,79.6,9.0,83.5,58.5,15.4,69.6,108.4,103.1,40.6,7.0,837.6,343.8,101.3,21.0,40.0,8.0,34.0,86.0,1.7,48.2,69.3,1,0.8972939841365206,0.0592847476347394,0.0009102991242922,0.0046061135689187,0.0003095017022593,0.0038475309653418,0.0337478228679277,0.9843064430972016,0.0965523937832638,0.8294766993767485,31901.56204379562,0.7338467420394341,0.0578343376967004,0.1296265952992153,1.184226830716793e-06,0.2703437560691396,1.1495730793046695e-05,0.660886828250845,0.0502849236259034,0.1433963867193424,0.0724719476153195,0.1817928037819893,0.3375207093050772,0.1876187181774596,6.663934426229508
Bedford,47888.0,-3.8,19.2,27.5,5.7,77.9,7.2,83.3,62.2,18.0,103.3,134.2,95.4,32.3,6.6,752.0,136.3,13.8,19.0,37.0,7.0,34.0,88.0,0.5,42.9,23.9,1,0.9733770818623584,0.0103210532873696,0.0012875358225692,0.0023881712837978,0.0,0.0013498359430161,0.0112763218008888,0.9853179382813474,0.1100012460024089,0.8319973418615276,26743.11904761905,0.731652614528388,0.0480333928645595,0.1301034181999418,7.51338105883351e-06,0.2060210737581535,3.607094495373833e-05,0.6483917230075804,0.0495493624621007,0.1453669477094321,0.0734310753000787,0.1542343315197074,0.3500228433774969,0.1980105494870622,6.947368421052632
Berks,421164.0,2.4,22.3,29.7,8.2,80.3,9.8,91.6,60.5,20.2,75.4,115.4,98.7,44.1,9.7,729.8,486.7,86.6,17.0,45.0,7.0,34.0,83.0,2.1,62.6,98.8,1,0.8001202685998731,0.0523502488891858,0.0034147691749669,0.0145754088893767,0.0002410144560948,0.0663338599061714,0.0629644300843312,0.968842319274952,0.1133865633247586,0.8035612868740186,31917.60070671378,0.6809350406383781,0.0488567324166829,0.1047052703418587,3.9645856205437577e-07,0.2896623164033276,5.18892093361703e-06,0.6631624819418078,0.0574545055385599,0.1661735017730072,0.0954369520500544,0.17817172637939,0.3302518481752101,0.149968262452811,6.030150753768845
Blair,121829.0,-4.1,20.2,25.4,6.8,79.4,8.0,80.4,58.5,20.8,90.4,108.7,89.9,32.9,6.4,850.8,314.6,57.6,19.0,37.0,7.0,34.0,88.0,3.4,63.0,172.9,2,0.951826605167558,0.0182048246867219,0.001453120535532,0.0059022817257847,0.0004408343197681,0.0020408996285562,0.020131433936079,0.9766112902567452,0.134568757908486,0.8229315482264582,28530.526785714286,0.7202334789175069,0.0701742928282787,0.1295726356177803,1.6375699288284306e-06,0.29738416558561,1.5974705786043422e-05,0.6370786516853932,0.0525409200375525,0.1508959549369361,0.0763296461080042,0.1787664802645005,0.3343401771500876,0.1801461284134044,7.333333333333333
Bradford,60323.0,-3.7,21.8,28.8,6.3,80.2,8.6,81.1,68.6,27.6,121.2,137.1,86.8,33.0,6.1,779.1,187.4,17.0,21.0,33.0,8.0,36.0,89.0,5.4,55.8,267.0,2,0.9634558060638,0.0067027881622502,0.0007740320482205,0.0062087251527478,0.0009222509510712,0.0051382552988257,0.0167981423230842,0.9872037680538858,0.1240427529190889,0.8069366446534147,28175.0,0.7081899178208527,0.0439716078457205,0.1166318077765517,5.952624365310717e-06,0.2725243182905438,2.9120828667821105e-05,0.594571698543547,0.0594193112761647,0.1605704780883054,0.0718202928146768,0.1670262347458043,0.3279260881737781,0.1826056883121158,5.981132075471698
Bucks,628270.0,0.5,20.2,35.1,7.7,76.1,9.1,92.5,53.5,5.3,31.9,88.8,128.9,60.8,11.0,695.4,244.1,46.1,13.0,44.0,7.0,28.0,89.0,1.4,65.3,77.1,3,0.856975343653014,0.0389457483892758,0.0009208689944365,0.0481432859409751,0.0002565050313222,0.0209139226470044,0.0338443253439716,0.9859304600521296,0.0555835250482739,0.822935054837908,47331.06971153846,0.7169044781636151,0.0225214603898876,0.0847263202839717,1.679106053800794e-07,0.2193027998488139,3.47744288054537e-06,0.7477453823600785,0.0482978262393494,0.1556443852482521,0.079153310348783,0.1697187047929794,0.3603497390340114,0.1612110223876313,2.082595870206489
Butler,187853.0,2.2,19.8,30.1,6.0,82.2,8.2,88.0,54.1,8.4,43.8,104.7,122.1,49.4,7.4,761.5,226.7,32.3,21.0,40.0,8.0,34.0,86.0,1.6,54.8,64.4,3,0.9545682062641776,0.0101119287745343,0.0004792383305466,0.0129767090171354,9.0522795769923e-05,0.0029233538163345,0.0188500410015016,0.971325573222292,0.0723064143388108,0.8239384870978391,38973.56923076923,0.7146455233815057,0.0371888944504201,0.1024079063674799,9.020586739799468e-07,0.2397298166613058,9.47677594853372e-06,0.7025895893277531,0.0508578366116785,0.1492348161322271,0.0852618238745884,0.1732233570112567,0.3537737356095375,0.1605288661221097,4.518867924528302
Cambria,130192.0,-9.4,19.1,24.6,8.8,78.8,10.2,78.3,57.9,18.0,72.4,126.4,98.3,35.6,6.8,881.9,258.2,59.0,21.0,37.0,8.0,39.0,89.0,3.9,45.7,136.0,0,0.9314646952002492,0.0357720859198699,0.0003039259636352,0.0045360950072562,0.0003267204109079,0.0042017764472574,0.023394701050824,0.951280668029268,0.138255920857679,0.8310931457097052,27096.015625,0.717842733510117,0.0755635927088161,0.1433314844503878,2.0934556806100163e-06,0.2525600266980485,1.4312877917885509e-05,0.6440549703353917,0.0492360061089118,0.1430883436794794,0.0898329167014913,0.1581782677739702,0.334508513726056,0.1969972114792834,7.967213114754099
Cameron,4447.0,-12.5,17.3,34.0,.,85.5,6.9,65.8,60.0,24.8,105.2,113.2,96.3,22.6,.,713.9,147.8,.,27.0,35.0,10.0,41.0,86.0,0.0,.,0.0,0,0.9501329787234044,0.0015514184397163,0.0015514184397163,0.0024379432624113,0.0,0.0,0.0443262411347517,0.9913563829787234,0.1808510638297872,0.8599290780141844,24547.8,0.7752659574468085,0.1214539007092198,0.1702127659574468,0.0001067920346618,0.3286203941730934,0.0002112358697088,0.3540442837776774,0.0434397163120567,0.1187943262411345,0.0624999999999999,0.1491578014184396,0.3526152482269501,0.2278368794326239,9.0
Carbon,64182.0,-1.6,19.2,29.8,8.4,74.9,9.4,79.0,56.1,17.8,84.8,112.1,82.9,36.9,7.2,854.6,173.7,39.0,18.0,45.0,6.0,32.0,89.0,1.7,56.9,57.8,0,0.941982990432118,0.0233881558376586,0.0026577449815521,0.0063160527796885,0.0001094365580639,0.0052998561690951,0.0202457632418235,0.9808017009567882,0.1163935963979738,0.8317491088737414,30846.26785714286,0.7419016947032706,0.0503564505034081,0.1341535863923457,6.8238242164601375e-06,0.2505933320776041,2.4412165139954645e-05,0.5713588189677457,0.0467606778813082,0.1448783690826089,0.066459258332812,0.1648583578262772,0.3675817647426675,0.1760834219248325,6.583333333333333
Centre,162385.0,5.5,14.7,24.7,6.1,76.6,7.4,92.0,31.7,2.8,13.7,65.1,93.5,49.4,9.6,572.7,476.6,38.9,15.0,31.0,13.0,34.0,83.0,1.6,50.2,82.1,3,0.8727197653207119,0.0344438692501109,0.0006470936252033,0.0625030813982152,0.0001479071143321,0.004135236404871,0.0254030468865552,0.8852425676675048,0.1576443326924025,0.8676231326726815,34747.46788990826,0.6149115022432579,0.0228701375536163,0.0708475077651235,1.7081314942055411e-06,0.375496800269451,1.2078771026846316e-05,0.5529659121410039,0.0387516639550362,0.11105975447419,0.2352770793275154,0.1880515702805304,0.2844870088251243,0.1212591825666811,3.980769230769231
Chester,524989.0,5.2,22.5,28.0,6.5,75.2,8.1,95.5,56.2,5.7,33.8,90.3,140.0,70.9,12.0,629.1,251.7,32.9,11.0,37.0,6.0,22.0,87.0,1.5,62.5,83.9,3,0.8334840415341584,0.0567090693130005,0.0007414077167707,0.0572742250660944,0.0002222307368098,0.0155254990612667,0.0360435265718993,0.9754684087512931,0.0610923790183531,0.8000842944174106,53699.122507122505,0.6826161921912717,0.0187765814782175,0.0721636844323537,2.153902199503592e-07,0.250130862239636,3.915560228490559e-06,0.7172892447264705,0.0552913904747308,0.1718226751982834,0.0902697421357138,0.1756082608529061,0.3434422774818956,0.1384497490325297,1.9698275862068968
Clarion,38438.0,-3.9,19.1,31.7,6.2,76.0,8.3,81.7,52.4,11.5,56.6,108.8,99.7,36.3,6.9,785.7,237.7,18.2,27.0,35.0,10.0,41.0,86.0,1.7,25.4,38.6,1,0.960758936660368,0.0149095333005461,0.0013201149276525,0.0037273833251365,0.0,0.0009577304377086,0.0183263013485879,0.9698962027282376,0.1560065229208189,0.8341314420314239,27815.3,0.6860197240700955,0.0631325550695001,0.1254885719462635,1.094523576847376e-05,0.3047708725674827,4.356554159142722e-05,0.5388245596964094,0.0506561747728625,0.1378096446043537,0.1255144565526879,0.1690782491652213,0.3205549659617423,0.1719773250847718,7.52
Clearfield,79255.0,-2.9,18.0,27.2,8.5,78.0,8.4,76.8,60.2,21.7,92.9,122.6,90.2,35.7,4.2,801.6,177.9,21.4,27.0,35.0,10.0,41.0,86.0,3.3,58.5,148.3,2,0.9426421362595324,0.0275337880351345,0.0017365917499307,0.0050587672715375,0.0001132559836911,0.0041149674074446,0.0188004932927289,0.9261570986333778,0.1325346689150076,0.8398182870661667,25629.696969696968,0.7465079405028565,0.0768630609317192,0.1396194598947977,4.926458711084687e-06,0.2258390108503659,2.260595836547617e-05,0.6241957223875283,0.0464223693151788,0.1353409005109101,0.071728789671054,0.1836005335615231,0.3577127324893664,0.1772959504693829,8.048387096774194
Clinton,38632.0,-1.5,19.5,27.3,6.8,68.8,8.8,82.9,52.5,15.2,50.3,137.2,91.0,37.6,8.6,777.6,231.3,25.8,21.0,33.0,8.0,36.0,89.0,0.6,27.9,19.0,1,0.9603621365015954,0.0165763054813354,0.0016861656592907,0.0077823030428804,0.0001815870710005,0.0026459830345793,0.010765519209318,0.957742094477159,0.147967521855301,0.8208513839528911,26149.444444444445,0.6572414329814003,0.0566811071623129,0.1311577472826791,1.1323185283804853e-05,0.303559569663966,4.655207133944346e-05,0.544581191255128,0.0542685932190199,0.147915639835015,0.1405743339645642,0.1628836026874885,0.3070637370619209,0.1630133077382031,6.285714285714286
Columbia,64964.0,-3.5,17.1,28.1,8.6,75.0,10.0,81.9,41.1,9.1,33.0,102.8,89.4,36.8,6.8,776.3,368.7,29.0,15.0,31.0,13.0,34.0,83.0,2.6,22.7,45.9,1,0.9472396390885456,0.0170668297904878,0.0006117143294081,0.0115155222511087,0.0016057501146964,0.0066371004740786,0.0153234439516745,0.9307539379109956,0.1309068664933476,0.8436458174032727,28966.85185185185,0.6696589692613549,0.0437375745526839,0.1105520721822908,4.157818906281412e-06,0.3175742013443093,2.92267327939315e-05,0.5964553285586983,0.0440893102920935,0.1325737880409846,0.1536779324055663,0.158434011316715,0.3167609726257834,0.1635571188255083,6.14
Crawford,84629.0,-4.7,20.5,28.1,8.0,65.1,8.8,78.7,61.5,19.0,90.7,125.9,91.7,36.9,8.3,855.7,224.0,31.3,26.0,33.0,8.0,35.0,87.0,2.7,40.9,96.5,1,0.9516891177092884,0.0149869525354397,0.0003996520676117,0.0051837224063756,0.0002938618144203,0.0049603874274161,0.022486306039448,0.955662129440252,0.1195077226884829,0.8171709335402121,27006.2530120482,0.7011190257893128,0.0669534757975409,0.1412182335378611,4.845901844498105e-06,0.2722852512155591,2.026189308835354e-05,0.5691380537270948,0.0550814584949573,0.1525142816841806,0.0912852340315487,0.1615652255683286,0.3340033382702116,0.1789265815642851,7.461538461538462
Cumberland,253370.0,7.6,20.2,27.7,7.3,71.6,9.0,90.1,56.2,9.1,53.4,103.7,111.7,50.0,8.2,689.4,300.3,55.4,18.0,39.0,16.0,30.0,85.0,1.5,50.8,60.0,1,0.8682436865523864,0.0406899760226174,0.0010696377943989,0.0464954450925892,0.0001590539471225,0.0117819211331003,0.031560279457785,0.9464027961683904,0.0666992727258267,0.818960821036475,37796.04761904762,0.7021993184538365,0.0262240195318247,0.0965775566927912,5.105579072850753e-07,0.3028682691547402,7.442202162894828e-06,0.6590390940349828,0.0535137005093702,0.1494232306242467,0.0948637504125459,0.1931590897342605,0.3242115894658568,0.1590141836357343,4.433333333333334
Dauphin,278299.0,3.8,22.3,30.4,9.5,71.6,10.3,88.4,64.7,22.0,88.7,103.5,99.1,49.9,10.3,747.1,646.4,232.6,20.0,42.0,16.0,32.0,87.0,4.1,77.3,223.0,0,0.6856726254281393,0.1951665818508613,0.0035081260759877,0.0476339999494714,0.0003248264885173,0.0277798831346477,0.0399139570723749,0.9828419430398706,0.1168364787364971,0.8015634981647304,33720.156565656565,0.694453768167726,0.0446347687054942,0.1055469536689151,7.127962730398153e-07,0.3664413365096388,6.950004146710754e-06,0.5771657831093743,0.0622259276503134,0.1626586687166827,0.0806616354652776,0.1989634425833089,0.3261402312042757,0.1425807825431025,5.940828402366864
Delaware,566747.0,1.4,22.1,31.6,8.7,69.6,9.4,93.6,58.8,10.7,42.9,87.8,125.6,68.6,13.4,753.1,535.9,151.0,12.0,50.0,6.0,26.0,90.0,1.8,66.4,84.8,1,0.6773253757110916,0.2164584099849998,0.0019563863810035,0.0584952452381626,0.0006173407296295,0.0128297200916989,0.0323175218634138,0.9634972971443126,0.0954790847083463,0.8049910848215549,40682.28888888889,0.6817157473183709,0.0436932188039509,0.0920987462145869,2.999360660082867e-07,0.3132597950342564,4.148501849217188e-06,0.6404474384416186,0.0590860526986103,0.1611312370871422,0.0980669628958762,0.1943791922565306,0.3227542240964536,0.1411110010471793,4.318681318681318
Elk,29910.0,-6.4,19.2,30.7,7.0,85.1,7.4,73.4,62.7,18.5,85.0,152.0,106.9,31.6,6.3,786.5,139.6,.,27.0,35.0,10.0,41.0,86.0,1.2,57.5,57.4,1,0.9723044186587758,0.0064501113807893,0.0008976959138211,0.0046879675499551,0.0004987199521228,0.0005984639425474,0.0145626226019882,0.9863683213086412,0.0979818465937427,0.8319313761345879,30843.96153846154,0.7361438973301858,0.0562556105994613,0.1382784187252718,1.132992208393978e-05,0.2155469574393246,5.117227263517248e-05,0.6261792452830188,0.0486418193303853,0.1422349303454466,0.072979352993982,0.1545699371612859,0.3578814376433817,0.19679489310769,7.76
Erie,269728.0,-3.9,21.1,36.4,8.7,80.3,9.7,82.3,57.4,19.9,74.6,100.5,93.1,40.2,7.8,803.6,431.6,112.0,20.0,43.0,8.0,29.0,88.0,3.4,58.6,144.8,0,0.8560831624063577,0.0714842342839078,0.0024591429390617,0.0183057277078141,0.0002352543319879,0.0132918697573204,0.03814060857355,0.9514420355381076,0.147412569933026,0.810748917462488,28539.87826086957,0.6888467391544078,0.0710688633539916,0.1215566485079729,7.589730337948723e-07,0.3301717577997608,7.445914245041667e-06,0.6080024339503178,0.0558398212067076,0.1573410379127057,0.0979724017261784,0.191938128110687,0.3176374583710105,0.153775464443513,6.888888888888889
Fayette,129274.0,-5.4,18.9,32.1,8.9,79.5,10.2,72.3,61.1,27.9,105.1,113.5,83.5,34.0,5.0,914.8,336.4,54.4,20.0,32.0,11.0,39.0,87.0,1.5,49.9,63.7,1,0.921084332727175,0.040689332381895,0.0002838969070582,0.0039285193625363,0.0009054009468345,0.0046190794067321,0.0284894382677684,0.9635230838876996,0.159128052850862,0.831902339463972,28197.22448979592,0.7344719901173185,0.0943765393734318,0.1529590497893792,2.0805342037957145e-06,0.2656741227911683,1.4507515408081776e-05,0.6368223127546224,0.0512011908324317,0.1413576410468888,0.0729691780033604,0.1739367293541728,0.3496382232657349,0.1780647438405878,7.752688172043011
Forest,7247.0,-6.1,10.2,36.8,9.0,78.1,8.2,79.1,50.6,.,76.4,105.7,82.3,.,.,803.9,132.9,.,27.0,35.0,10.0,41.0,86.0,0.0,.,0.0,1,0.7386648122392211,0.2162726008344923,0.0013908205841446,0.0009735744089012,0.0,0.017385257301808,0.0253129346314325,0.5439499304589708,0.0908205841446453,0.9675938803894296,20062.6,0.8731571627260083,0.0492350486787204,0.1229485396383866,8.664686253354296e-05,0.1684655091506335,0.000103581788018,0.2031877078316706,0.0094575799721835,0.0429763560500694,0.0744089012517383,0.2904033379694016,0.349791376912378,0.20904033379694,8.5
Franklin,155027.0,3.6,22.1,26.6,7.1,77.5,9.7,88.0,65.7,20.7,100.0,127.1,97.2,42.4,8.4,718.1,285.5,52.1,17.0,39.0,14.0,32.0,83.0,2.2,42.4,86.3,1,0.9160008776798276,0.0407669372846134,0.0019747796120138,0.0074409179498431,0.0001355240910205,0.0096867457438981,0.0239942176387831,0.9860732862656014,0.0881100197477961,0.8041031531938511,31545.88,0.7004788517882726,0.040586238496586,0.1220942989532377,9.677435301031773e-07,0.2909748932924355,1.2224602774324098e-05,0.663870654023827,0.0593918195077248,0.1638808936845773,0.0762484350194249,0.1798727364250033,0.3258902642074418,0.1736321747099136,5.180327868852459
Fulton,14530.0,-2.1,19.5,31.4,8.5,77.3,10.8,83.4,59.8,23.6,103.4,122.8,87.3,27.4,6.9,804.1,158.1,22.9,17.0,39.0,14.0,32.0,83.0,1.4,30.2,39.8,0,0.961841015732818,0.0135937068727573,0.0018630968810378,0.0044162296439414,0.0,0.006486337289539,0.0117996135799061,0.9948937344741926,0.1066105437482749,0.8235578250069003,28774.81818181818,0.7283328733094121,0.0558929064311344,0.1368341153739994,2.325961624736997e-05,0.2175496688741721,0.0001162034530177,0.6501582060806164,0.0489925476124758,0.149875793541264,0.0727987855368478,0.1589152635937068,0.3564725365719015,0.1872757383383932,5.727272727272728
Greene,36233.0,-6.3,19.5,28.7,10.2,75.7,11.1,72.7,59.1,18.0,102.5,120.9,83.0,29.9,4.0,915.3,345.2,21.0,20.0,32.0,11.0,39.0,87.0,0.6,45.7,43.3,1,0.9329843218945292,0.0320414428242517,0.0,0.0029876110075649,0.0001918649270913,0.0041936191207104,0.0276011402258524,0.9022859335599168,0.1165990571209297,0.8302543580747725,29146.07894736842,0.7147242626904945,0.0726893980923144,0.1497368709571319,8.104942137863509e-06,0.2476039440115838,5.3494747254068464e-05,0.6500268064573778,0.0519953952417498,0.1421170924240762,0.0911632496436793,0.1812301282754083,0.3431093081898914,0.1663468917881809,6.7407407407407405
Huntingdon,45144.0,-1.7,17.6,32.8,6.8,75.2,8.8,78.3,54.5,15.8,79.5,121.0,82.3,29.8,7.3,744.9,190.0,44.2,19.0,37.0,7.0,34.0,88.0,1.3,48.4,48.0,1,0.912747812603832,0.0554435707165799,0.0015062576143537,0.0062022372355742,8.86033890796323e-05,0.0052719016502381,0.0187396167903422,0.8772621552774393,0.093232916159043,0.8422416657437147,26919.815789473683,0.7249972311440913,0.0472477572267139,0.1211651345663971,1.15156043728467e-05,0.2295726801358841,3.735795258548249e-05,0.5687948255379065,0.0445896555543249,0.1361834090153947,0.0942297042861887,0.1759441798648796,0.3400155055930886,0.1834090153948386,6.6875
Indiana,84073.0,-5.4,17.6,24.0,7.3,65.7,7.6,85.0,48.0,9.5,41.8,128.1,98.0,38.7,7.6,791.7,390.5,34.7,21.0,37.0,8.0,39.0,89.0,2.0,42.1,73.1,3,0.940838000071037,0.0226016125404023,0.0006511727028402,0.0092821708913962,0.000165753051632,0.004558208919882,0.0219030818228099,0.9351431987971064,0.1419911677302487,0.8413151320696637,27346.08450704225,0.6592235653481406,0.0582148396339225,0.1234505049548323,3.377315797698364e-06,0.299364938709201,2.295048569343602e-05,0.6083767216394368,0.0472869777298935,0.1326616388241004,0.1608278180978651,0.1573706830209676,0.3089163302274366,0.1664397428459797,7.158730158730159
Jefferson,43425.0,-3.9,21.1,26.4,8.0,71.8,8.5,79.9,66.6,20.2,118.1,131.2,90.6,35.2,5.1,826.1,145.2,16.0,27.0,35.0,10.0,41.0,86.0,1.9,41.5,46.4,3,0.9753270599036034,0.004728023869635,0.0005278861602019,0.0025935276566444,0.0,0.0026394308010098,0.0141840716089052,0.9794583428964884,0.1362175809042919,0.8113151250860684,27178.11363636364,0.7128758319944917,0.0628873077805829,0.1306862520082625,8.39044555014364e-06,0.2519021739130435,3.968344198992556e-05,0.6053742633476998,0.0567592380078035,0.1563231581363321,0.0740417718613723,0.1692678448473719,0.3344273582740416,0.1822125315584114,7.727272727272727
Juniata,24763.0,0.5,22.1,21.9,6.8,65.7,7.1,89.1,68.0,14.8,105.2,133.7,106.9,46.6,10.2,707.3,135.2,16.2,19.0,37.0,7.0,34.0,88.0,0.0,.,0.0,1,0.9594435657217018,0.0126130510605507,0.0001216693028348,0.0030417325708723,0.0,0.0064890294845277,0.0182909518595125,0.9877114004136756,0.0923875572859634,0.8051263332927769,26759.68421052632,0.703694691162753,0.0350002027821713,0.1015127549985805,1.4812178615871584e-05,0.261407249466951,7.786455322472293e-05,0.6154392822243937,0.0572656852009571,0.1673358478322585,0.0717037758040312,0.1722026199456542,0.32935880277406,0.1791783266415214,6.0
Lackawanna,209674.0,-2.2,20.6,35.2,8.5,75.1,11.3,81.9,55.3,16.9,60.6,92.2,98.3,49.4,9.6,848.0,256.5,46.6,24.0,45.0,11.0,29.0,89.0,3.1,54.6,131.2,0,0.8922593047268298,0.0281687460149789,0.0006709110115054,0.0295962162522244,0.0005234057536567,0.0108582902713145,0.0379231259694902,0.9631094108354508,0.1333019289881139,0.821385407447588,29911.05,0.7077873259675869,0.0693084382523957,0.1263453906986039,1.2692362877512448e-06,0.358127129945177,9.123791219654011e-06,0.559934775692014,0.0526117947107469,0.1513974933622633,0.0882033859594025,0.1839723641762068,0.3243593037751826,0.1754456086257266,6.412121212121212
Lancaster,545724.0,5.1,23.4,27.8,6.6,61.8,9.1,93.1,69.6,13.2,82.5,126.1,118.6,54.4,12.3,676.9,262.0,50.1,13.0,32.0,18.0,34.0,81.0,1.5,66.7,77.4,1,0.8755050179541479,0.0406997514041064,0.0008949452168308,0.0229941994291501,0.0002080839701684,0.0275333763005248,0.0321646257250713,0.9780572691280728,0.0890986097044471,0.7897468004787773,33736.912328767125,0.6756247122732714,0.0304483933339471,0.09190682257619,1.812188828716309e-07,0.3063582398298064,3.925520474316886e-06,0.6669730392156863,0.0651707945861338,0.1702311021084613,0.0889733910321332,0.1901187735935915,0.3055648651137093,0.1582082681152746,4.603305785123967
Lawrence,85512.0,-6.1,19.8,30.4,8.4,70.3,10.5,76.1,61.8,20.9,83.4,126.7,101.3,38.0,6.3,860.8,372.5,102.4,26.0,33.0,8.0,35.0,87.0,1.1,70.1,57.8,0,0.9235849932674004,0.0361470956957793,0.0005339648047546,0.0037493615638204,0.0,0.0023796257603194,0.0336049589079259,0.9748340065933044,0.1254004736035659,0.8273436411756512,28775.81818181818,0.719378279240377,0.0820216371825231,0.1391674792218043,2.3531210638217925e-06,0.2524932975871313,2.235962932688021e-05,0.6748311832901711,0.0520731763941124,0.1473742861122718,0.0811742582532384,0.1670265125133489,0.332358267168129,0.1925639596972649,7.1866666666666665
Lebanon,141793.0,6.2,22.6,30.2,8.4,72.3,9.6,89.4,64.3,19.7,90.2,128.3,98.8,41.0,9.5,745.4,328.9,50.6,20.0,42.0,16.0,32.0,87.0,1.1,54.3,47.9,2,0.8559789188804217,0.0247275835054483,0.0008617619827647,0.0149134677017306,0.0001495619970087,0.074602948507941,0.0287657574246848,0.9738052845238944,0.1046008119079837,0.7963179260736415,29733.554347826088,0.6871946442561071,0.0443700591125988,0.1019941599601168,1.223917399234147e-06,0.2946692166292218,1.4515606791792305e-05,0.6552872175263067,0.0593903568121928,0.1682786126344277,0.085136386297272,0.1721672245566554,0.3207535075849296,0.1725660565486786,5.776315789473684
Lehigh,369318.0,5.7,22.5,29.9,8.2,73.9,9.6,91.6,60.7,19.8,70.9,104.0,105.2,49.3,10.1,716.7,509.8,102.8,18.0,45.0,6.0,32.0,89.0,4.7,74.4,245.7,1,0.7615193636378486,0.0726878242926133,0.0032885244652064,0.0333180885179317,0.0003048963080323,0.0602061316825376,0.06867517109583,0.9743914324137444,0.1231563301373666,0.8007965416047346,34064.356060606064,0.6823497705110825,0.054984782407483,0.0979452166669389,3.07937559672117e-07,0.3527542977897081,5.8098296398618496e-06,0.6180069393792732,0.0596916191627329,0.1673363496289519,0.0906222606972322,0.1965356156999819,0.318785423778645,0.1436361062563632,4.940366972477064
Luzerne,317417.0,-1.1,19.8,35.1,8.2,68.7,10.3,83.6,58.6,22.1,79.9,99.9,93.9,42.8,9.1,865.2,391.1,60.0,24.0,45.0,11.0,29.0,89.0,2.5,53.7,108.3,0,0.8601592835076383,0.0516805386289273,0.001694237388481,0.0120769523881504,0.0005920383439301,0.041178156304421,0.0326187934384516,0.963029094905636,0.1407350722885116,0.8257360327762504,29438.38129496403,0.7155287248816711,0.0729750241696504,0.1235313197731359,8.947941155488341e-07,0.3196887087719838,6.143978232595737e-06,0.5888574566512463,0.0521497605078933,0.1457957404730637,0.0865257741373716,0.1832421657266482,0.333648247346062,0.1731082327970345,7.0
Lycoming,113299.0,-2.4,20.3,32.5,8.5,78.9,10.4,81.7,57.9,18.1,77.4,108.4,89.7,35.2,6.8,791.8,380.3,49.0,21.0,33.0,8.0,36.0,89.0,2.3,65.2,110.7,0,0.9114143877067729,0.0476169593207851,0.0014471906958794,0.0076218709982984,0.0003420632553896,0.0037539249565842,0.0278036030662901,0.940533618678408,0.1278264072833161,0.8201273527812374,28681.5871559633,0.7058782254810813,0.0629308681390004,0.1259494448050239,2.5727706332943027e-06,0.3142764298093587,1.7071081638684907e-05,0.5912801449573161,0.054168786289403,0.1505867700457836,0.0893662181837317,0.1856175557387688,0.3267844299822826,0.1691195818057429,6.111111111111111
McKean,40625.0,-6.5,19.9,32.8,8.7,77.0,9.5,73.3,55.9,22.3,94.8,119.7,73.3,24.7,4.3,873.9,203.4,13.0,27.0,35.0,10.0,41.0,86.0,0.0,.,0.0,1,0.9421272031398552,0.0239633358523683,0.0013651544330952,0.0041929743302211,0.0004875551546768,0.0097998586090051,0.0180639184807781,0.9300358353038688,0.1508983203724921,0.827259208697984,27258.058823529413,0.7122449477097097,0.0730845176860632,0.1457789912483849,9.294502769545004e-06,0.2562870039275455,4.454104493132111e-05,0.5967544684854186,0.0492918261378318,0.1489968552692522,0.0894663708832061,0.1723263694205405,0.3453840715730963,0.1702298822554299,8.636363636363637
Mercer,109424.0,-6.2,19.1,28.6,8.3,69.7,10.1,78.7,58.5,17.2,75.4,124.9,95.0,39.1,7.6,819.4,355.6,112.4,26.0,33.0,8.0,35.0,87.0,3.2,37.5,109.8,0,0.9071381391434956,0.0607497353396248,0.0012848469493933,0.0076005030809182,4.524108976737032e-05,0.0030221047964603,0.0201594296003402,0.9348437825170332,0.1345017598783919,0.8350871795799817,27269.73043478261,0.7092717089369249,0.0740868086030456,0.1473592775902786,2.003945155349064e-06,0.2819461352811772,1.7523005283986276e-05,0.6427929564269736,0.048480351794714,0.1456401161791183,0.0966078230892424,0.1549416842352897,0.3371999384721176,0.1889901283942124,7.505376344086022
Mifflin,46138.0,-1.2,22.3,23.4,7.4,62.6,8.0,83.5,77.3,23.0,135.1,153.9,101.9,44.0,8.8,786.9,346.0,30.3,19.0,37.0,7.0,34.0,88.0,2.7,37.0,89.8,1,0.9634682431408216,0.0057601940275882,0.0025119643127828,0.0035947075510513,8.661945906147817e-05,0.0054786807856384,0.0190995907230559,0.9844518070984648,0.1365772320751856,0.8030056952294333,26720.81081081081,0.7026570519067108,0.0580350375711903,0.1239524459169752,5.904114009349843e-06,0.2699344692005243,4.176837747828335e-05,0.6356291934821306,0.0632755148444098,0.1600944152103768,0.0739730180385021,0.1579289287338399,0.328352714437298,0.1927282964117886,7.566666666666666
Monroe,170271.0,0.3,19.6,31.9,9.3,68.5,10.4,87.8,48.1,9.6,49.6,99.1,93.2,46.9,10.0,753.8,361.1,55.3,19.0,42.0,10.0,35.0,88.0,2.1,50.8,92.5,0,0.7426076861109795,0.1418577927308913,0.0029083542624271,0.0256776287731602,0.0004738662749372,0.039259820878548,0.0472148509690565,0.985256835521016,0.1056544093256882,0.830705349950244,32485.78676470588,0.6979990996540776,0.0418660853907027,0.1073247879448419,3.254832193056621e-06,0.2292410341951626,9.924253067583784e-06,0.5659293552812071,0.0455030090508458,0.1508494052978248,0.1056484859972513,0.1652727100412262,0.3587404634412166,0.146021892621902,4.6923076923076925
Montgomery,830915.0,3.9,21.4,31.4,7.3,78.8,8.3,95.2,57.1,6.3,31.2,84.2,132.3,69.9,12.9,657.2,293.6,54.3,10.0,43.0,8.0,29.0,87.0,2.5,59.7,125.7,3,0.7806124422737494,0.0926110399187601,0.0009828574191832,0.0768393819966633,0.0004279600570613,0.0143233637176914,0.0342029546168911,0.9737094707318842,0.0563251045721608,0.8093836891607631,50579.24232081911,0.7043654343673686,0.0209918034768732,0.0796779419231606,1.551984393846298e-07,0.2813512088574226,2.589056093041934e-06,0.6811525659673576,0.0548236175923015,0.1610447544669841,0.0797661935733454,0.187184167895742,0.3395887231316034,0.1535675427355591,2.423387096774193
Montour,18230.0,-0.2,20.2,25.0,7.6,71.9,10.4,91.1,68.8,11.1,83.4,109.0,123.3,56.3,8.5,746.2,400.1,36.5,15.0,31.0,13.0,34.0,83.0,30.3,71.3,1523.7,0,0.930135328418968,0.0201342281879194,0.0011552426009461,0.0355374628672021,0.0,0.0038508086698206,0.0091869292551435,0.95340521509517,0.0973154362416107,0.8206623390912091,33903.92307692308,0.7289030696446254,0.0364176477060182,0.1122785785014853,1.1062187551433433e-05,0.3102341137123746,0.0001083887333749,0.6270217682111152,0.0573220376279018,0.1470458796347232,0.0667290130927493,0.1919353064143468,0.3257234019144017,0.1830234349213332,5.333333333333333
Northampton,305285.0,2.5,19.8,32.7,8.2,78.2,9.5,89.9,50.9,10.5,46.3,93.7,102.6,49.3,9.3,688.0,403.7,118.7,18.0,45.0,6.0,32.0,89.0,1.1,43.2,44.7,2,0.8339266286037347,0.059342674857757,0.001725651063494,0.0289284857329743,0.000476608388965,0.0276564343775987,0.047943516975476,0.9631039367852928,0.0825715816495909,0.8258604424898022,36924.80465116279,0.7021953568482051,0.0371425847952063,0.0946314173676096,5.408066263518308e-07,0.2879618386816999,6.697591366033106e-06,0.6644598400725177,0.0485187339966407,0.150897502900737,0.0983884062544167,0.1773936423727865,0.334697419412095,0.1652910762474812,4.3017751479289945
Northumberland,90843.0,-3.9,19.3,28.8,7.3,70.1,8.8,77.9,62.7,24.5,104.6,115.0,87.9,34.4,6.7,828.5,262.5,33.9,15.0,31.0,13.0,34.0,83.0,0.7,21.3,9.7,2,0.937008132932898,0.0246947409956814,0.0013372207729574,0.0036609158866212,0.000284981476204,0.0102812547953613,0.0227327531402766,0.9583488611701778,0.1252603196176863,0.8269395181620887,27375.941176470587,0.7313611153736546,0.0578512396694214,0.137536444746476,3.12413668217854e-06,0.2882093833230895,2.038072113610264e-05,0.6105619261016652,0.0518227853651051,0.144518490913475,0.0722976083477649,0.1797904290067297,0.3398294495473177,0.1808426683034831,7.473684210526316
Perry,46272.0,0.7,21.4,24.0,7.3,65.2,10.0,83.8,67.9,20.8,98.9,125.2,105.5,47.9,8.3,826.8,197.8,28.2,18.0,39.0,16.0,30.0,85.0,0.0,.,0.0,1,0.9641471397914724,0.0094292588819283,0.0021893221771833,0.0034248802375739,0.0002167645719983,0.0047037912123642,0.0158888431274792,0.9871892137948972,0.0861205644549454,0.8109596167602368,32881.694444444445,0.7147161467929681,0.0376736826133136,0.1168577807643118,5.526748463091574e-06,0.1889044943820224,3.988979763967952e-05,0.7172542275723703,0.0565538768343701,0.1581297552727981,0.0706002210998633,0.1772917434374524,0.3532395465285152,0.1554418745800184,4.970588235294118
Philadelphia,1584064.0,3.8,21.6,29.0,11.0,61.0,10.8,93.7,58.1,26.4,73.9,72.1,83.3,52.4,13.1,854.4,1299.4,454.0,21.0,67.0,12.0,34.0,88.0,2.8,77.8,141.1,0,0.3933068653096271,0.4135815232202214,0.0033227296840845,0.074152198091596,0.0003717916373438,0.0727067632566165,0.0425581288005103,0.972539899628904,0.2243598133707148,0.8043813241725897,31073.45590551181,0.6843261371417949,0.0976680191535923,0.118468117286351,1.6002939553054876e-07,0.4719119266055046,1.361852345956171e-06,0.4698507228774047,0.0660265274597842,0.1514045567238326,0.0982427786745879,0.2594738895412102,0.2873886126797385,0.1177852346871478,6.2962633451957295
Pike,55809.0,-2.7,17.2,33.2,8.1,68.1,9.5,85.3,48.3,9.6,48.3,105.2,102.7,42.2,8.4,637.0,163.1,25.7,19.0,42.0,10.0,35.0,88.0,0.0,.,0.0,0,0.8615343154868846,0.0615882141573841,0.0007725476104922,0.0126122888968738,0.0005389867049946,0.02199065756378,0.0409629895795903,0.9929213079410708,0.0926158821415738,0.8489399928135106,35453.41379310345,0.7477182896155228,0.0497484728710025,0.1325727632051742,1.0710741505244314e-05,0.1569749526786107,2.0544004922439587e-05,0.4904350943686137,0.0353036291771469,0.1427236794825725,0.0742544017247573,0.1430291052820695,0.3823571685231762,0.1879266978081204,3.95
Potter,16526.0,-5.3,20.3,35.9,6.2,77.8,11.3,78.7,68.9,27.7,145.7,135.1,81.7,29.4,.,764.6,178.2,.,21.0,33.0,8.0,36.0,89.0,1.5,49.2,91.8,0,0.9709319748276896,0.0034162421336529,0.0017380881030866,0.0041953850764159,0.0,0.0029967036260113,0.0167216062331435,0.9851962840875036,0.1155528918189991,0.8213964638897213,25929.941176470587,0.7268804315253221,0.0614923584057536,0.1369493557087204,3.769358032605638e-05,0.2206636500754147,6.920827254350046e-05,0.3971255091845361,0.0508240934971531,0.1534911597243031,0.0688043152532212,0.1531914893617019,0.3338927180101885,0.2068924183398259,8.222222222222221
Schuylkill,141359.0,-4.7,19.7,32.1,8.5,67.6,10.1,77.0,59.0,20.9,88.7,114.6,90.6,36.6,7.2,915.8,235.7,34.5,17.0,45.0,7.0,34.0,83.0,1.7,65.2,70.6,0,0.9304611265720224,0.0298939655476098,0.0016486419840067,0.0042131961813506,9.863669989784057e-05,0.0126818614154366,0.0210025715996759,0.9483073237749674,0.1245358790995878,0.8262655440870821,27160.07407407408,0.7322295416916194,0.0685102335576144,0.1400077500264205,2.312311733655722e-06,0.247894144528186,1.3229348490132598e-05,0.630429500464518,0.0486138020925071,0.1488639165815335,0.0702927396343394,0.1819142565258742,0.3461936802057276,0.1766371930813398,7.559322033898305
Snyder,40372.0,1.7,20.6,26.1,6.2,62.8,8.2,87.2,57.8,11.2,70.3,127.5,100.4,39.6,12.1,649.3,209.5,24.6,15.0,31.0,13.0,34.0,83.0,0.0,.,0.0,1,0.96168298230001,0.0095421734401265,0.0005685751013546,0.0068970631859982,0.0,0.0054385444477405,0.01587066152477,0.94156036784337,0.0934935231879758,0.8178829229704341,28582.33333333333,0.6698309107089885,0.0326312666864431,0.1017502224859092,6.156106519742879e-06,0.2671343766864544,5.087603305785123e-05,0.6584242424242425,0.0548056956392761,0.1531691881736377,0.1221942054780973,0.165405913181054,0.3157075051913376,0.1691140116681497,5.392857142857143
Somerset,73447.0,-5.5,17.7,26.6,7.3,69.5,8.9,82.8,62.3,18.4,91.6,129.1,105.0,34.4,6.9,802.2,126.2,15.3,21.0,37.0,8.0,39.0,89.0,2.3,25.6,53.9,1,0.9482151562753912,0.0259736742321651,0.0009073181301121,0.0036698987053789,8.12523698607876e-05,0.0047668056984995,0.0163858945885921,0.9296083635772712,0.099832078435621,0.8386327934564758,28557.346666666668,0.7493093548561833,0.0571745842587075,0.1265234819348897,6.0679712686297535e-06,0.2019106985568128,2.356367432456568e-05,0.6115307738234301,0.0479388982178646,0.1332132603867612,0.0695384865391905,0.1760468013650397,0.3508341909972371,0.1933806402686743,7.775862068965517
Sullivan,6066.0,-5.6,10.4,32.6,6.9,76.3,8.2,77.2,58.3,25.0,74.1,124.6,88.5,29.1,.,843.4,532.2,.,21.0,33.0,8.0,36.0,89.0,0.0,.,0.0,1,0.9435243458098708,0.0276581649552832,0.0011593242795627,0.000662471016893,0.0003312355084465,0.0109307717787346,0.015733686651209,0.964557800596224,0.1111295130838025,0.9087446174229876,32355.88888888889,0.8216296787015568,0.045213646902948,0.1377939715137462,8.916173806538056e-05,0.1730279898218829,0.0001381797986395,0.3566948886798369,0.0339516396157668,0.0730374296124543,0.0713812520702217,0.1402782378270949,0.401291818482941,0.2454455117588602,
Susquehanna,40328.0,-7.0,18.4,31.8,7.2,64.2,9.1,78.0,61.4,19.3,95.0,129.8,92.5,33.4,5.2,763.9,100.9,10.7,19.0,42.0,10.0,35.0,88.0,1.2,27.6,33.5,0,0.9720717170722096,0.0061077726332381,0.0002216530391094,0.0044330607821889,7.388434636981578e-05,0.0028322332775096,0.0142596788493744,0.988277017042656,0.115481233376022,0.834720717170722,32508.9,0.7437937149049355,0.0465225100975273,0.1303566151118116,1.1605498803715518e-05,0.2258765490103952,3.768625973447175e-05,0.5642551369863014,0.0470643286375726,0.1403556299871933,0.0687863264702983,0.1505024135553146,0.3587823859718252,0.2051275736380649,5.628571428571429
Tioga,40591.0,-3.3,19.6,33.1,5.7,77.9,7.4,79.9,58.5,19.6,89.9,116.7,83.1,34.5,4.8,743.8,171.1,12.3,21.0,33.0,8.0,36.0,89.0,0.6,58.4,35.4,1,0.9686449618489168,0.0083417159400377,0.0007851026767094,0.0059128045339679,4.90689172943399e-05,0.0035084275865453,0.0127579184965283,0.9867268578718812,0.1218135871831988,0.8291174955224613,26620.052631578947,0.7164061924973626,0.0534360509335361,0.1311121470104762,1.1347546535087091e-05,0.2541053399829704,3.900444685194666e-05,0.5607938177328639,0.0514978287004097,0.1476729065973157,0.0844230722049116,0.1681591795677027,0.328614539120194,0.18786034986138,6.571428571428571
Union,44923.0,-0.1,17.7,27.6,5.5,67.8,7.2,90.3,51.6,9.3,49.0,115.4,108.3,48.8,10.6,577.9,173.5,23.1,15.0,31.0,13.0,34.0,83.0,2.9,36.0,125.6,1,0.8799491423345452,0.0663603310209453,0.003122839106868,0.0183801387432803,8.92239744819433e-05,0.0151011576810689,0.0169971671388102,0.8013205148223328,0.0913876558631304,0.8464455399165756,30154.90322580645,0.6811358211951551,0.0355557538310544,0.094265129040173,8.781951838169822e-06,0.2944722937271372,4.875826558426146e-05,0.5975329890992541,0.0443220093239053,0.1340590216591197,0.1404831478218195,0.1868126965715686,0.3123731346612832,0.1618969016974858,4.666666666666667
Venango,50668.0,-7.8,18.7,30.2,8.1,75.7,8.7,70.8,60.7,25.5,102.9,123.9,79.5,34.7,5.7,797.5,279.8,29.9,26.0,33.0,8.0,35.0,87.0,3.1,53.7,127.3,1,0.9612501217018792,0.0112355174763898,0.0001168338039139,0.0035244864180702,0.0,0.0031739850063284,0.0206990555934183,0.9755427903806836,0.1314380294031739,0.8323434913835069,27813.57692307692,0.7378054717164833,0.0767403368708012,0.149703047415052,7.210651441917711e-06,0.2683346152106049,3.2187875207117915e-05,0.586090675171239,0.0486418070295005,0.1447765553500145,0.0687761659040015,0.1562262681335799,0.3561678512316228,0.1931457501703823,8.25
Warren,39191.0,-6.3,19.1,33.4,7.5,74.3,10.4,77.7,66.6,21.5,115.9,139.2,92.4,33.2,4.7,770.2,151.2,9.3,27.0,35.0,10.0,41.0,86.0,2.6,11.9,82.6,0,0.964957178330715,0.0059038159428368,0.0012922515583033,0.0041554755992499,0.0,0.0014442811533978,0.0222469974154968,0.9825419348299802,0.1233973546850453,0.8324127096741499,28872.911111111112,0.7369381239547965,0.0522728424466629,0.1241575026605179,1.1649213140078112e-05,0.2237210932025227,3.882951622702339e-05,0.5626190375417954,0.0506511934323214,0.1435159377692189,0.0688947448436627,0.151852227233568,0.3559519586479499,0.1979171945472049,7.977272727272727
Washington,206865.0,-0.5,19.4,29.2,7.6,80.0,9.5,82.8,56.2,11.9,58.2,107.7,112.5,45.3,7.3,837.4,276.6,40.5,20.0,32.0,11.0,39.0,87.0,2.5,48.1,82.5,2,0.9298873387708192,0.0327649567077616,0.0002607675257507,0.0097304919331083,0.0003042287800425,0.0041239901294662,0.0229282261530512,0.9744399534481676,0.0864637508994065,0.8281542005302273,34447.10404624278,0.7212201988593835,0.0527667917384984,0.1181566633346371,1.1937540823655318e-06,0.2505252285771294,8.959414679102656e-06,0.6633493657999439,0.0506468483347096,0.1447501219329633,0.0833828308729432,0.1696727367551826,0.346193035575451,0.1772591401432287,5.9391891891891895
Wayne,51361.0,-2.8,16.2,32.3,7.4,79.0,9.2,83.4,56.1,12.9,63.4,109.6,99.9,48.2,10.7,791.1,148.2,10.4,19.0,42.0,10.0,35.0,88.0,1.6,41.3,62.1,1,0.9301513614730436,0.0342708902239213,0.0024576734025122,0.0071194507294998,0.0003510962003588,0.003413435281267,0.0222360926893968,0.9262697979246314,0.0981899040337052,0.854743699773738,29567.44897959184,0.7663259733166887,0.0496411016618553,0.1247951938831239,1.2820816530442684e-05,0.19078044144049,2.6228168965536275e-05,0.4732713628362311,0.0417609424982445,0.124093001482406,0.0678200827026604,0.1667706951704766,0.3599906374346567,0.2081610361238977,5.0
Westmoreland,348899.0,-4.5,18.1,28.5,7.3,82.9,8.8,84.5,53.9,11.1,55.4,106.7,104.8,43.5,7.1,801.1,214.3,41.1,20.0,35.0,7.0,32.0,90.0,1.3,59.5,69.2,3,0.9430574643164672,0.02414733036422,0.0005616984392196,0.0103158627060748,8.553783338370561e-05,0.0022895626735705,0.0195425436670639,0.9798700965437012,0.0926004071600869,0.8396963977167101,34341.96603773585,0.7419152491146834,0.0531332508368451,0.1258147478629798,5.827366493237127e-07,0.2242670967406289,5.283689282716433e-06,0.6985389277662284,0.0448788499153175,0.1384486858537529,0.0747572151162457,0.1612758823227512,0.3533653434914259,0.1958958947542496,6.164102564102564
Wyoming,26794.0,-5.2,19.4,32.4,7.4,71.2,10.6,76.9,56.8,16.3,83.4,108.6,95.1,37.2,6.0,885.1,155.2,.,24.0,45.0,11.0,29.0,89.0,0.4,20.8,12.2,0,0.931014107393456,0.0180589408375803,0.0016987960706108,0.0043577812246103,0.0,0.0032498707437772,0.0416205037299652,0.9680183174532832,0.1020385552847329,0.8304527660831671,31452.31818181818,0.7205849767338799,0.0493758770957973,0.1073934559420932,1.4266572593151184e-05,0.2419399283549187,6.52783761399587e-05,0.6122857778766971,0.0475662899771031,0.1479799098899474,0.0838688233990692,0.1652263830415834,0.3437846222025257,0.1811433636162197,5.318181818181818
York,449058.0,3.2,21.9,30.1,8.4,74.6,9.9,88.6,60.3,17.9,80.0,115.2,99.2,41.3,7.8,741.6,371.1,89.0,16.0,40.0,8.0,30.0,88.0,1.6,79.8,87.0,1,0.8717640540806205,0.0579454368359441,0.0014185886495036,0.0147600239484572,0.0006031794257731,0.0166254121726076,0.0368833048870937,0.9791076518895154,0.0855598845469899,0.8058432448372309,32758.843195266272,0.6984795410474769,0.0408620550993235,0.107879757298471,3.062902186933617e-07,0.2516898380392719,4.4565212194241005e-06,0.7059319833852544,0.0567413119822709,0.1638369360272368,0.0809422109430149,0.1862953166468585,0.3373426148498303,0.1512975059647741,5.6722689075630255
